,mse,rmse,mae,r2
polynomial_regression,26133.754552628303,161.659378177167,147.573898059999,0.8365005754964259
random_forest,1310365.503250225,1144.7119739262907,1072.6254999999883,-7.197980326144961
linear_regression,1.4889251025954498e-23,3.858659226461245e-12,2.7284841053187847e-12,1.0
